-- MySQL dump 10.13  Distrib 5.7.21, for Linux (x86_64)
--
-- Host: localhost    Database: botanica
-- ------------------------------------------------------
-- Server version	5.7.21-0ubuntu0.16.04.1

/*!40101 SET @OLD_CHARACTER_SET_CLIENT=@@CHARACTER_SET_CLIENT */;
/*!40101 SET @OLD_CHARACTER_SET_RESULTS=@@CHARACTER_SET_RESULTS */;
/*!40101 SET @OLD_COLLATION_CONNECTION=@@COLLATION_CONNECTION */;
/*!40101 SET NAMES utf8 */;
/*!40103 SET @OLD_TIME_ZONE=@@TIME_ZONE */;
/*!40103 SET TIME_ZONE='+00:00' */;
/*!40014 SET @OLD_UNIQUE_CHECKS=@@UNIQUE_CHECKS, UNIQUE_CHECKS=0 */;
/*!40014 SET @OLD_FOREIGN_KEY_CHECKS=@@FOREIGN_KEY_CHECKS, FOREIGN_KEY_CHECKS=0 */;
/*!40101 SET @OLD_SQL_MODE=@@SQL_MODE, SQL_MODE='NO_AUTO_VALUE_ON_ZERO' */;
/*!40111 SET @OLD_SQL_NOTES=@@SQL_NOTES, SQL_NOTES=0 */;

--
-- Table structure for table `categorias`
--

DROP TABLE IF EXISTS `categorias`;
/*!40101 SET @saved_cs_client     = @@character_set_client */;
/*!40101 SET character_set_client = utf8 */;
CREATE TABLE `categorias` (
  `id` int(11) NOT NULL AUTO_INCREMENT,
  `nombre` varchar(120) NOT NULL,
  `descripcion` varchar(256) DEFAULT NULL,
  PRIMARY KEY (`id`)
) ENGINE=InnoDB DEFAULT CHARSET=utf8;
/*!40101 SET character_set_client = @saved_cs_client */;

--
-- Dumping data for table `categorias`
--

LOCK TABLES `categorias` WRITE;
/*!40000 ALTER TABLE `categorias` DISABLE KEYS */;
/*!40000 ALTER TABLE `categorias` ENABLE KEYS */;
UNLOCK TABLES;

--
-- Table structure for table `climas`
--

DROP TABLE IF EXISTS `climas`;
/*!40101 SET @saved_cs_client     = @@character_set_client */;
/*!40101 SET character_set_client = utf8 */;
CREATE TABLE `climas` (
  `id` int(11) NOT NULL AUTO_INCREMENT,
  `nombre` varchar(45) DEFAULT NULL,
  `descripcion` varchar(256) DEFAULT NULL,
  PRIMARY KEY (`id`)
) ENGINE=InnoDB AUTO_INCREMENT=4 DEFAULT CHARSET=utf8;
/*!40101 SET character_set_client = @saved_cs_client */;

--
-- Dumping data for table `climas`
--

LOCK TABLES `climas` WRITE;
/*!40000 ALTER TABLE `climas` DISABLE KEYS */;
INSERT INTO `climas` VALUES (1,'calido','clima con mucho calor'),(3,'seco','asd7');
/*!40000 ALTER TABLE `climas` ENABLE KEYS */;
UNLOCK TABLES;

--
-- Table structure for table `estados`
--

DROP TABLE IF EXISTS `estados`;
/*!40101 SET @saved_cs_client     = @@character_set_client */;
/*!40101 SET character_set_client = utf8 */;
CREATE TABLE `estados` (
  `id` int(11) NOT NULL AUTO_INCREMENT,
  `nombre` varchar(45) DEFAULT NULL,
  `descripcion` varchar(512) DEFAULT NULL,
  `seguimientos_id` int(11) NOT NULL,
  `plantas_id` int(11) NOT NULL,
  PRIMARY KEY (`id`),
  KEY `fk_estados_seguimientos1_idx` (`seguimientos_id`),
  KEY `fk_estados_plantas1_idx` (`plantas_id`)
) ENGINE=InnoDB AUTO_INCREMENT=7 DEFAULT CHARSET=utf8;
/*!40101 SET character_set_client = @saved_cs_client */;

--
-- Dumping data for table `estados`
--

LOCK TABLES `estados` WRITE;
/*!40000 ALTER TABLE `estados` DISABLE KEYS */;
INSERT INTO `estados` VALUES (1,'asd97','el pepo tiene la posta',0,0),(2,'tu abuela','te da comida',0,0),(6,'chirimolla','asd8',0,0);
/*!40000 ALTER TABLE `estados` ENABLE KEYS */;
UNLOCK TABLES;

--
-- Table structure for table `etapas`
--

DROP TABLE IF EXISTS `etapas`;
/*!40101 SET @saved_cs_client     = @@character_set_client */;
/*!40101 SET character_set_client = utf8 */;
CREATE TABLE `etapas` (
  `id` int(11) NOT NULL AUTO_INCREMENT,
  `nombre` varchar(50) DEFAULT NULL,
  `descripcion` varchar(512) DEFAULT NULL,
  `planta_id` int(11) DEFAULT NULL,
  `estados_id` int(11) NOT NULL,
  PRIMARY KEY (`id`,`estados_id`),
  KEY `fk_etapas_estados1_idx` (`estados_id`)
) ENGINE=InnoDB AUTO_INCREMENT=2 DEFAULT CHARSET=utf8;
/*!40101 SET character_set_client = @saved_cs_client */;

--
-- Dumping data for table `etapas`
--

LOCK TABLES `etapas` WRITE;
/*!40000 ALTER TABLE `etapas` DISABLE KEYS */;
INSERT INTO `etapas` VALUES (1,'riego','riego',NULL,0);
/*!40000 ALTER TABLE `etapas` ENABLE KEYS */;
UNLOCK TABLES;

--
-- Table structure for table `personas`
--

DROP TABLE IF EXISTS `personas`;
/*!40101 SET @saved_cs_client     = @@character_set_client */;
/*!40101 SET character_set_client = utf8 */;
CREATE TABLE `personas` (
  `id` int(11) NOT NULL AUTO_INCREMENT,
  `apellido` varchar(50) NOT NULL,
  `nombre` varchar(50) NOT NULL,
  `fecha_nacimiento` date NOT NULL,
  `usuarios_id` int(11) NOT NULL,
  PRIMARY KEY (`id`),
  KEY `fk_personas_user_idx` (`usuarios_id`),
  CONSTRAINT `fk_personas_user` FOREIGN KEY (`usuarios_id`) REFERENCES `usuarios` (`id`) ON DELETE NO ACTION ON UPDATE NO ACTION
) ENGINE=InnoDB DEFAULT CHARSET=utf8;
/*!40101 SET character_set_client = @saved_cs_client */;

--
-- Dumping data for table `personas`
--

LOCK TABLES `personas` WRITE;
/*!40000 ALTER TABLE `personas` DISABLE KEYS */;
/*!40000 ALTER TABLE `personas` ENABLE KEYS */;
UNLOCK TABLES;

--
-- Table structure for table `plantas`
--

DROP TABLE IF EXISTS `plantas`;
/*!40101 SET @saved_cs_client     = @@character_set_client */;
/*!40101 SET character_set_client = utf8 */;
CREATE TABLE `plantas` (
  `id` int(11) NOT NULL AUTO_INCREMENT,
  `nombre` varchar(45) DEFAULT NULL,
  `suelos_id` int(11) NOT NULL,
  `climas_id` int(11) NOT NULL,
  `temporadas_id` int(11) NOT NULL,
  `descripcion` varchar(512) DEFAULT NULL,
  `tiempo_riego` datetime DEFAULT NULL,
  `tipo_planta_id` int(11) DEFAULT NULL,
  PRIMARY KEY (`id`),
  KEY `fk_plantas_clima_idx` (`climas_id`),
  KEY `fk_plantas_suelos_idx` (`suelos_id`),
  KEY `fk_plantas_tempo_idx` (`temporadas_id`),
  KEY `fk_plantas_tiposPl_idx` (`tipo_planta_id`),
  CONSTRAINT `fk_plantas_clima` FOREIGN KEY (`climas_id`) REFERENCES `climas` (`id`) ON DELETE NO ACTION ON UPDATE NO ACTION,
  CONSTRAINT `fk_plantas_suelos` FOREIGN KEY (`suelos_id`) REFERENCES `suelos` (`id`) ON DELETE NO ACTION ON UPDATE NO ACTION,
  CONSTRAINT `fk_plantas_tempo` FOREIGN KEY (`temporadas_id`) REFERENCES `temporadas` (`id`) ON DELETE NO ACTION ON UPDATE NO ACTION
) ENGINE=InnoDB AUTO_INCREMENT=4 DEFAULT CHARSET=utf8;
/*!40101 SET character_set_client = @saved_cs_client */;

--
-- Dumping data for table `plantas`
--

LOCK TABLES `plantas` WRITE;
/*!40000 ALTER TABLE `plantas` DISABLE KEYS */;
INSERT INTO `plantas` VALUES (1,'roberto',1,1,1,'esta planta se llama roberto',NULL,NULL),(3,'Juanelo',2,3,4,'asd9',NULL,NULL);
/*!40000 ALTER TABLE `plantas` ENABLE KEYS */;
UNLOCK TABLES;

--
-- Table structure for table `respuestas`
--

DROP TABLE IF EXISTS `respuestas`;
/*!40101 SET @saved_cs_client     = @@character_set_client */;
/*!40101 SET character_set_client = utf8 */;
CREATE TABLE `respuestas` (
  `id` int(11) NOT NULL AUTO_INCREMENT,
  `temas_id` int(11) DEFAULT NULL,
  `texto` varchar(255) DEFAULT NULL,
  `usuario_id` int(11) DEFAULT NULL,
  `fecha` datetime DEFAULT NULL,
  PRIMARY KEY (`id`),
  KEY `fk_respuestas_preg_idx` (`temas_id`),
  KEY `fk_respuestas_user_idx` (`usuario_id`),
  CONSTRAINT `fk_respuestas_preg` FOREIGN KEY (`temas_id`) REFERENCES `temas` (`id`) ON DELETE NO ACTION ON UPDATE NO ACTION,
  CONSTRAINT `fk_respuestas_user` FOREIGN KEY (`usuario_id`) REFERENCES `usuarios` (`id`) ON DELETE NO ACTION ON UPDATE NO ACTION
) ENGINE=InnoDB DEFAULT CHARSET=utf8;
/*!40101 SET character_set_client = @saved_cs_client */;

--
-- Dumping data for table `respuestas`
--

LOCK TABLES `respuestas` WRITE;
/*!40000 ALTER TABLE `respuestas` DISABLE KEYS */;
/*!40000 ALTER TABLE `respuestas` ENABLE KEYS */;
UNLOCK TABLES;

--
-- Table structure for table `roles`
--

DROP TABLE IF EXISTS `roles`;
/*!40101 SET @saved_cs_client     = @@character_set_client */;
/*!40101 SET character_set_client = utf8 */;
CREATE TABLE `roles` (
  `id` int(11) NOT NULL AUTO_INCREMENT,
  `rol` varchar(50) DEFAULT NULL,
  `descripcion` varchar(256) NOT NULL,
  PRIMARY KEY (`id`)
) ENGINE=InnoDB AUTO_INCREMENT=4 DEFAULT CHARSET=utf8;
/*!40101 SET character_set_client = @saved_cs_client */;

--
-- Dumping data for table `roles`
--

LOCK TABLES `roles` WRITE;
/*!40000 ALTER TABLE `roles` DISABLE KEYS */;
INSERT INTO `roles` VALUES (1,'ROLE_ADMIN','Administrador'),(2,'ROLE_USER','Usuario Comun'),(3,'ROLE_VENDEDOR','Usuario Vendedor');
/*!40000 ALTER TABLE `roles` ENABLE KEYS */;
UNLOCK TABLES;

--
-- Table structure for table `seguimientos`
--

DROP TABLE IF EXISTS `seguimientos`;
/*!40101 SET @saved_cs_client     = @@character_set_client */;
/*!40101 SET character_set_client = utf8 */;
CREATE TABLE `seguimientos` (
  `id` int(11) NOT NULL AUTO_INCREMENT,
  `usuario_id` int(11) NOT NULL,
  `planta_id` int(11) NOT NULL,
  `ultimo_riego` datetime DEFAULT NULL,
  `estado_id` int(11) DEFAULT NULL,
  PRIMARY KEY (`id`),
  KEY `fk_seguim_user_idx` (`usuario_id`),
  KEY `fk_seguim_planta_idx` (`planta_id`),
  CONSTRAINT `fk_seguim_planta` FOREIGN KEY (`planta_id`) REFERENCES `plantas` (`id`) ON DELETE NO ACTION ON UPDATE NO ACTION,
  CONSTRAINT `fk_seguim_user` FOREIGN KEY (`usuario_id`) REFERENCES `usuarios` (`id`) ON DELETE NO ACTION ON UPDATE NO ACTION
) ENGINE=InnoDB AUTO_INCREMENT=5 DEFAULT CHARSET=utf8;
/*!40101 SET character_set_client = @saved_cs_client */;

--
-- Dumping data for table `seguimientos`
--

LOCK TABLES `seguimientos` WRITE;
/*!40000 ALTER TABLE `seguimientos` DISABLE KEYS */;
INSERT INTO `seguimientos` VALUES (1,2,1,NULL,NULL),(2,3,3,NULL,NULL),(3,1,1,NULL,NULL),(4,2,1,NULL,1);
/*!40000 ALTER TABLE `seguimientos` ENABLE KEYS */;
UNLOCK TABLES;

--
-- Table structure for table `suelos`
--

DROP TABLE IF EXISTS `suelos`;
/*!40101 SET @saved_cs_client     = @@character_set_client */;
/*!40101 SET character_set_client = utf8 */;
CREATE TABLE `suelos` (
  `id` int(11) NOT NULL AUTO_INCREMENT,
  `nombre` varchar(45) DEFAULT NULL,
  `descripcion` varchar(256) DEFAULT NULL,
  PRIMARY KEY (`id`)
) ENGINE=InnoDB AUTO_INCREMENT=3 DEFAULT CHARSET=utf8;
/*!40101 SET character_set_client = @saved_cs_client */;

--
-- Dumping data for table `suelos`
--

LOCK TABLES `suelos` WRITE;
/*!40000 ALTER TABLE `suelos` DISABLE KEYS */;
INSERT INTO `suelos` VALUES (1,'salino','suelo alvearence'),(2,'humedo','suelo pampeano');
/*!40000 ALTER TABLE `suelos` ENABLE KEYS */;
UNLOCK TABLES;

--
-- Table structure for table `tareas`
--

DROP TABLE IF EXISTS `tareas`;
/*!40101 SET @saved_cs_client     = @@character_set_client */;
/*!40101 SET character_set_client = utf8 */;
CREATE TABLE `tareas` (
  `id` int(11) NOT NULL AUTO_INCREMENT,
  `nombre` varchar(50) NOT NULL,
  `etapas_id` int(11) NOT NULL,
  `descripcion` varchar(512) NOT NULL,
  `etapas_id1` int(11) NOT NULL,
  PRIMARY KEY (`id`,`etapas_id1`),
  KEY `fk_tareas_etapas1_idx` (`etapas_id1`)
) ENGINE=InnoDB AUTO_INCREMENT=2 DEFAULT CHARSET=utf8;
/*!40101 SET character_set_client = @saved_cs_client */;

--
-- Dumping data for table `tareas`
--

LOCK TABLES `tareas` WRITE;
/*!40000 ALTER TABLE `tareas` DISABLE KEYS */;
INSERT INTO `tareas` VALUES (1,'regar',1,'descripcion',0);
/*!40000 ALTER TABLE `tareas` ENABLE KEYS */;
UNLOCK TABLES;

--
-- Table structure for table `temas`
--

DROP TABLE IF EXISTS `temas`;
/*!40101 SET @saved_cs_client     = @@character_set_client */;
/*!40101 SET character_set_client = utf8 */;
CREATE TABLE `temas` (
  `id` int(11) NOT NULL,
  `titulo` varchar(45) DEFAULT NULL,
  `usuario_id` int(11) DEFAULT NULL,
  `cerrado` tinyint(1) DEFAULT NULL,
  `texto` varchar(256) DEFAULT NULL,
  `categoria_id` int(11) DEFAULT NULL,
  `fecha` datetime DEFAULT NULL,
  PRIMARY KEY (`id`),
  KEY `fk_preguntas_user_idx` (`usuario_id`),
  KEY `fk_preguntas_temas_idx` (`categoria_id`),
  CONSTRAINT `fk_preguntas_user` FOREIGN KEY (`usuario_id`) REFERENCES `usuarios` (`id`) ON DELETE NO ACTION ON UPDATE NO ACTION
) ENGINE=InnoDB DEFAULT CHARSET=utf8;
/*!40101 SET character_set_client = @saved_cs_client */;

--
-- Dumping data for table `temas`
--

LOCK TABLES `temas` WRITE;
/*!40000 ALTER TABLE `temas` DISABLE KEYS */;
/*!40000 ALTER TABLE `temas` ENABLE KEYS */;
UNLOCK TABLES;

--
-- Table structure for table `temporadas`
--

DROP TABLE IF EXISTS `temporadas`;
/*!40101 SET @saved_cs_client     = @@character_set_client */;
/*!40101 SET character_set_client = utf8 */;
CREATE TABLE `temporadas` (
  `id` int(11) NOT NULL AUTO_INCREMENT,
  `nombre` varchar(45) NOT NULL,
  `descripcion` varchar(256) NOT NULL,
  PRIMARY KEY (`id`)
) ENGINE=InnoDB AUTO_INCREMENT=5 DEFAULT CHARSET=utf8;
/*!40101 SET character_set_client = @saved_cs_client */;

--
-- Dumping data for table `temporadas`
--

LOCK TABLES `temporadas` WRITE;
/*!40000 ALTER TABLE `temporadas` DISABLE KEYS */;
INSERT INTO `temporadas` VALUES (1,'cosecha','todos los culeados cosechando'),(4,'riego','todos los culeados regando');
/*!40000 ALTER TABLE `temporadas` ENABLE KEYS */;
UNLOCK TABLES;

--
-- Table structure for table `tipos_plantas`
--

DROP TABLE IF EXISTS `tipos_plantas`;
/*!40101 SET @saved_cs_client     = @@character_set_client */;
/*!40101 SET character_set_client = utf8 */;
CREATE TABLE `tipos_plantas` (
  `id` int(11) NOT NULL,
  `nombre` varchar(45) DEFAULT NULL,
  `descripcion` varchar(512) DEFAULT NULL,
  PRIMARY KEY (`id`)
) ENGINE=InnoDB DEFAULT CHARSET=utf8;
/*!40101 SET character_set_client = @saved_cs_client */;

--
-- Dumping data for table `tipos_plantas`
--

LOCK TABLES `tipos_plantas` WRITE;
/*!40000 ALTER TABLE `tipos_plantas` DISABLE KEYS */;
INSERT INTO `tipos_plantas` VALUES (1,'ciruela','d\'gend'),(2,'duraznito','prismo');
/*!40000 ALTER TABLE `tipos_plantas` ENABLE KEYS */;
UNLOCK TABLES;

--
-- Table structure for table `tipos_ventas`
--

DROP TABLE IF EXISTS `tipos_ventas`;
/*!40101 SET @saved_cs_client     = @@character_set_client */;
/*!40101 SET character_set_client = utf8 */;
CREATE TABLE `tipos_ventas` (
  `id` int(11) NOT NULL AUTO_INCREMENT,
  `nombre` varchar(45) NOT NULL,
  `descripcion` varchar(255) NOT NULL,
  PRIMARY KEY (`id`)
) ENGINE=InnoDB DEFAULT CHARSET=utf8;
/*!40101 SET character_set_client = @saved_cs_client */;

--
-- Dumping data for table `tipos_ventas`
--

LOCK TABLES `tipos_ventas` WRITE;
/*!40000 ALTER TABLE `tipos_ventas` DISABLE KEYS */;
/*!40000 ALTER TABLE `tipos_ventas` ENABLE KEYS */;
UNLOCK TABLES;

--
-- Table structure for table `usuarios`
--

DROP TABLE IF EXISTS `usuarios`;
/*!40101 SET @saved_cs_client     = @@character_set_client */;
/*!40101 SET character_set_client = utf8 */;
CREATE TABLE `usuarios` (
  `id` int(11) NOT NULL AUTO_INCREMENT,
  `password` varchar(255) CHARACTER SET utf8 NOT NULL,
  `user` varchar(16) CHARACTER SET utf8 NOT NULL,
  `email` varchar(255) CHARACTER SET utf8 DEFAULT NULL,
  `roles_id` int(50) NOT NULL,
  PRIMARY KEY (`id`),
  UNIQUE KEY `user_UNIQUE` (`user`),
  KEY `fk_usuarios_rol` (`roles_id`)
) ENGINE=InnoDB AUTO_INCREMENT=5 DEFAULT CHARSET=utf8 COLLATE=utf8_spanish_ci;
/*!40101 SET character_set_client = @saved_cs_client */;

--
-- Dumping data for table `usuarios`
--

LOCK TABLES `usuarios` WRITE;
/*!40000 ALTER TABLE `usuarios` DISABLE KEYS */;
INSERT INTO `usuarios` VALUES (1,'1234','user','user@user.com',2),(2,'4321','resu','resu@user.com',1),(3,'4321','rosita gomez','rositaGomez@user.com',3),(4,'1234','ramiro','rami@ro.com',2);
/*!40000 ALTER TABLE `usuarios` ENABLE KEYS */;
UNLOCK TABLES;

--
-- Table structure for table `ventas`
--

DROP TABLE IF EXISTS `ventas`;
/*!40101 SET @saved_cs_client     = @@character_set_client */;
/*!40101 SET character_set_client = utf8 */;
CREATE TABLE `ventas` (
  `id` int(11) NOT NULL AUTO_INCREMENT,
  `producto` varchar(45) DEFAULT NULL,
  `descripcion` varchar(255) DEFAULT NULL,
  `usuarios_id` int(11) DEFAULT NULL,
  `cerrado` tinyint(1) DEFAULT NULL,
  `fecha` datetime DEFAULT NULL,
  `tipo_venta_id` int(11) DEFAULT NULL,
  PRIMARY KEY (`id`),
  KEY `fk_ventas_tipos_idx` (`tipo_venta_id`),
  KEY `fk_ventas_user_idx` (`usuarios_id`),
  CONSTRAINT `fk_ventas_user` FOREIGN KEY (`usuarios_id`) REFERENCES `usuarios` (`id`) ON DELETE NO ACTION ON UPDATE NO ACTION
) ENGINE=InnoDB DEFAULT CHARSET=utf8;
/*!40101 SET character_set_client = @saved_cs_client */;

--
-- Dumping data for table `ventas`
--

LOCK TABLES `ventas` WRITE;
/*!40000 ALTER TABLE `ventas` DISABLE KEYS */;
/*!40000 ALTER TABLE `ventas` ENABLE KEYS */;
UNLOCK TABLES;
/*!40103 SET TIME_ZONE=@OLD_TIME_ZONE */;

/*!40101 SET SQL_MODE=@OLD_SQL_MODE */;
/*!40014 SET FOREIGN_KEY_CHECKS=@OLD_FOREIGN_KEY_CHECKS */;
/*!40014 SET UNIQUE_CHECKS=@OLD_UNIQUE_CHECKS */;
/*!40101 SET CHARACTER_SET_CLIENT=@OLD_CHARACTER_SET_CLIENT */;
/*!40101 SET CHARACTER_SET_RESULTS=@OLD_CHARACTER_SET_RESULTS */;
/*!40101 SET COLLATION_CONNECTION=@OLD_COLLATION_CONNECTION */;
/*!40111 SET SQL_NOTES=@OLD_SQL_NOTES */;

-- Dump completed on 2018-02-21  7:01:05
